pos,ndcg,P$@$k
0.0,,1.0
10000.0,0.9996366650691686,0.9651034896510349
20000.0,0.9998685160905119,0.984150792460377
30000.0,0.9993478855981747,0.9915669477684077
40000.0,0.9991511795647833,0.9707757306067348
50000.0,0.9993783785001666,0.9736005279894402
60000.0,0.998914888558564,0.9763170613823103
70000.0,0.9986516091551692,0.9892001542835103
80000.0,0.9987395116669499,0.9940375745303184
90000.0,0.9979095421201203,0.9861334874056955
